{"n_estimators": 746, "max_depth": 3, "learning_rate": 0.02338945502246825, "subsample": 0.9802974926217848, "colsample_bytree": 0.6938609081119034, "min_child_weight": 2, "gamma": 0.026872785039229186, "scale_pos_weight": 9.334886753816543}